ID,Category,Input,Expected Summary,Parsed Summary,Summary Match,Start Match,End Match,Location Match,All Match,Time (ms),Error
kr_001,exhibition,"[ì„¸ë¯¸ì½˜ ì½”ë¦¬ì•„ 2026](https://www.coex.co.kr/exhibitions/semicon-korea-2026/?var_page=-1&list_type=CAL&cy=2026&cm=2)
2026.02.19 ~ 2026.02.21
ì „ê´€
ì „ê¸°/ì „ì/IT","ì„¸ë¯¸ì½˜ ì½”ë¦¬ì•„ 2026","ì„¸ë¯¸ì½˜ ì½”ë¦¬ì•„ 2026",true,true,true,false,false,7793,
kr_002,exhibition,"[K-ì¼ëŸ¬ìŠ¤íŠ¸ë ˆì´ì…˜í˜ì–´ ì„œìš¸ 2026](https://www.coex.co.kr/exhibitions/k-illustration-fair-seoul-2026)
2026.02.07 ~ 2026.02.09
Dí™€
ì˜ˆìˆ /ë””ìì¸","K-ì¼ëŸ¬ìŠ¤íŠ¸ë ˆì´ì…˜í˜ì–´ ì„œìš¸ 2026","K-ì¼ëŸ¬ìŠ¤íŠ¸ë ˆì´ì…˜í˜ì–´ ì„œìš¸ 2026",true,true,true,true,true,4086,
kr_003,wedding,"[ì œ405íšŒ ì›¨ë±ìŠ¤ ì›¨ë”©ë°•ëŒíšŒ](https://www.coex.co.kr/exhibitions/wedex-wedding-fair-405)
2026.02.01 ~ 2026.02.02
Cí™€
ê´€ê´‘/ì˜¤ë½","ì œ405íšŒ ì›¨ë±ìŠ¤ ì›¨ë”©ë°•ëŒíšŒ","ì œ405íšŒ ì›¨ë±ìŠ¤ ì›¨ë”©ë°•ëŒíšŒ",true,true,true,true,true,3882,
kr_004,blockchain,"KOREA BLOCKCHAIN WEEK 2026
September 22-28, 2026
Sponsor: IMPACT
KBW2026: IMPACT provides unparalleled visibility for brands and organizations.","KOREA BLOCKCHAIN WEEK 2026","KOREA BLOCKCHAIN WEEK 2026",true,true,true,false,false,4371,
kr_005,meetup,"í¬ë¦½í†  í˜„ì§ì ë°‹ì—… Vol.1: Bridge the Gap with deBridge
2026ë…„ 2ì›” 6ì¼ (ëª©) ì˜¤í›„ 7:00
ì„œìš¸ ê°•ë‚¨êµ¬ í…Œí—¤ë€ë¡œ 521 íŒŒë¥´ë‚˜ìŠ¤íƒ€ì›Œ
Hosted by DeBridge Korea","í¬ë¦½í†  í˜„ì§ì ë°‹ì—… Vol.1","í¬ë¦½í†  í˜„ì§ì ë°‹ì—… Vol.1: Bridge the Gap with deBridge",true,true,true,true,true,4465,
kr_006,hackathon,"Cursor Hackathon Seoul
Feb 15, 2026
10:00 AM - 10:00 PM
WeWork Seolleung III
Hosted by Cursor & GDG Seoul","Cursor Hackathon Seoul","Cursor Hackathon Seoul",true,true,true,true,true,3685,
kr_007,concert,"[ZEROBASEONE WORLD TOUR [HERE & NOW] ENCORE IN SEOUL]
ì¥ì†Œ: KSPO DOME
ê¸°ê°„: 2026.03.13 ~ 2026.03.15
ì‹œê°„: ê¸ˆ 19:00, í† ì¼ 17:00
ê´€ëŒë“±ê¸‰: 7ì„¸ ì´ìƒ","ZEROBASEONE WORLD TOUR ENCORE","ZEROBASEONE WORLD TOUR [HERE & NOW] ENCORE IN SEOUL",false,true,true,true,false,4463,
kr_008,exhibition,"[ì„œìš¸ë¦¬ë¹™ë””ìì¸í˜ì–´](https://www.coex.co.kr/exhibitions/seoul-living-design-fair)
2026.03.19 ~ 2026.03.23
A, B, Cí™€
ì˜ˆìˆ /ë””ìì¸","ì„œìš¸ë¦¬ë¹™ë””ìì¸í˜ì–´","ì„œìš¸ë¦¬ë¹™ë””ìì¸í˜ì–´",true,true,true,true,true,3745,
kr_009,exhibition,"[2026 ëŒ€í•œë¯¼êµ­ ì¡°ê²½*ì •ì› ë°•ëŒíšŒ](https://www.coex.co.kr/exhibitions/landscape-garden-expo-2026)
2026.02.06 ~ 2026.02.08
Hall D
ê±´ì„¤/ê±´ì¶•/ì¸í…Œë¦¬ì–´","2026 ëŒ€í•œë¯¼êµ­ ì¡°ê²½*ì •ì› ë°•ëŒíšŒ","2026 ëŒ€í•œë¯¼êµ­ ì¡°ê²½*ì •ì› ë°•ëŒíšŒ",true,true,true,true,true,3989,
kr_010,education,"[í˜¸ì£¼ ë‰´ì§ˆëœë“œ ìœ í•™ë°•ëŒíšŒ](https://www.coex.co.kr/exhibitions/australia-newzealand-edu-fair)
2026.02.08 ~ 2026.02.08
ì»¨í¼ëŸ°ìŠ¤ë£¸(ë‚¨) 401í˜¸
êµìœ¡/ì¶œíŒ","í˜¸ì£¼ ë‰´ì§ˆëœë“œ ìœ í•™ë°•ëŒíšŒ","í˜¸ì£¼ ë‰´ì§ˆëœë“œ ìœ í•™ë°•ëŒíšŒ",true,true,true,true,true,4118,
kr_011,conference,"[2026 ë¸”ë¡ì²´ì¸ ì»¨í¼ëŸ°ìŠ¤](https://www.coex.co.kr/exhibitions/blockchain-conference-2026)
2026.02.12 ~ 2026.02.12
ê·¸ëœë“œë³¼ë£¸
ê¸ˆìœµ/ì¬í…Œí¬","2026 ë¸”ë¡ì²´ì¸ ì»¨í¼ëŸ°ìŠ¤","2026 ë¸”ë¡ì²´ì¸ ì»¨í¼ëŸ°ìŠ¤",true,true,true,true,true,3920,
kr_012,exhibition,"[2026 í•˜ìš°ì§•ë¸Œëœë“œí˜ì–´ / 2026 ì„œìš¸ íˆ´&ì„¸ì´í”„í‹°ì‡¼]
2026.02.06 ~ 2026.02.08
Cí™€
ê±´ì„¤/ê±´ì¶•/ì¸í…Œë¦¬ì–´","2026 í•˜ìš°ì§•ë¸Œëœë“œí˜ì–´ / 2026 ì„œìš¸ íˆ´&ì„¸ì´í”„í‹°ì‡¼","2026 í•˜ìš°ì§•ë¸Œëœë“œí˜ì–´ / 2026 ì„œìš¸ íˆ´&ì„¸ì´í”„í‹°ì‡¼",true,true,true,true,true,4353,
kr_013,exhibition,"[ì œ10íšŒ ì„œìš¸ ê±´ê°•ì‚°ì—… ë°•ëŒíšŒ / ì œ7íšŒ ì„œìš¸ ì˜¤í”¼ìŠ¤ê°€êµ¬ ë° ì˜¤í”¼ìŠ¤í˜ì–´]
2026.02.06 ~ 2026.02.08
Hall B
ì˜ë£Œ/ê±´ê°•/ìŠ¤í¬ì¸ ","ì œ10íšŒ ì„œìš¸ ê±´ê°•ì‚°ì—… ë°•ëŒíšŒ / ì œ7íšŒ ì„œìš¸ ì˜¤í”¼ìŠ¤ê°€êµ¬ ë° ì˜¤í”¼ìŠ¤í˜ì–´","ì œ10íšŒ ì„œìš¸ ê±´ê°•ì‚°ì—… ë°•ëŒíšŒ / ì œ7íšŒ ì„œìš¸ ì˜¤í”¼ìŠ¤ê°€êµ¬ ë° ì˜¤í”¼ìŠ¤í˜ì–´",true,true,true,true,true,4255,
kr_014,meetup,"Arcium Seoul: Unlocking Encrypted Capital Markets
Mon, Feb 9, 2026
15:00 - 18:00
Hashed Lounge
Seoul","Arcium Seoul: Unlocking Encrypted Capital Markets","",false,false,false,false,false,5864,ì‘ë‹µ ì²˜ë¦¬ì— ì‹¤íŒ¨í–ˆìŠµë‹ˆë‹¤: ì´ë²¤íŠ¸ëŠ” í•˜ë£¨ì¢…ì¼ ë˜ëŠ” ì‹œê°„ íŠ¹ì • ì¤‘ í•˜ë‚˜ì—¬ì•¼ í•©ë‹ˆë‹¤.
kr_015,meetup,"Builders & Creators Meetup in Seoul
Feb 20, 2026
7:00 PM - 9:00 PM
Nonce Community","Builders & Creators Meetup in Seoul","Builders & Creators Meetup in Seoul",true,true,true,true,true,3461,
kr_016,meetup,"Jito Korea Community Night
2026/02/18 (Tue)
18:30 - 21:00
Casa Corona Seoul","Jito Korea Community Night","Jito Korea Community Night",true,true,true,true,true,3321,
kr_017,meetup,"Nesa:Seoul
Feb 13, 2026
6:00 PM - 9:00 PM
KB Innovation Hub","Nesa:Seoul","Nesa:Seoul",true,true,true,true,true,3689,
kr_018,hackathon,"World Build Korea 2026
Feb 22-23
Start: 10:00 AM
End: 6:00 PM (Next day)
Seoul Startup Hub","World Build Korea 2026","World Build Korea 2026",true,true,true,true,true,3802,
kr_019,workshop,"Swift Students Cafe (ì„œìš¸ ğŸ‡°ğŸ‡·)
Every Saturday
Feb 7 - Feb 28, 2026
2:00 PM - 5:00 PM
Cafe Onion Anguk","Swift Students Cafe","Swift Students Cafe (ì„œìš¸ ğŸ‡°ğŸ‡·)",true,true,false,true,false,4042,
kr_020,community,"í•œêµ­ ë¸”ë¡ì²´ì¸ ë°‹ì—… #24
2026.02.20 (ëª©)
19:00 ~ 21:30
ë§ˆë£¨180 ì§€í•˜ 1ì¸µ","í•œêµ­ ë¸”ë¡ì²´ì¸ ë°‹ì—… #24","í•œêµ­ ë¸”ë¡ì²´ì¸ ë°‹ì—… #24",true,true,true,true,true,3829,
en_001,webinar,"Free AI Workshop: Introduction to Machine Learning
Date: Wednesday, February 12, 2026
Time: 2:00 PM - 4:00 PM EST
Location: Online (Zoom)
Host: TechEd Academy","Free AI Workshop: Introduction to Machine Learning","Free AI Workshop: Introduction to Machine Learning",true,true,true,true,true,3798,
en_002,conference,"Tech Summit 2026: Future of AI
March 15-17, 2026
9:00 AM - 6:00 PM PST
Moscone Center, San Francisco, CA
Tickets from $299","Tech Summit 2026: Future of AI","Tech Summit 2026: Future of AI",true,true,true,true,true,4162,
en_003,meetup,"Builders & Creators Meetup in Seoul
Thursday, February 20, 2026 at 7:00 PM KST
Gangnam Station Exit 10, Ground Floor Coworking Space
Free admission","Builders & Creators Meetup in Seoul","Builders & Creators Meetup in Seoul",true,true,true,true,true,4987,
en_004,hackathon,"World Build Korea 2026
Feb 22-23, 2026
Saturday 9 AM - Sunday 9 PM
Seoul Startup Hub, Yeongdeungpo
48-hour hackathon","World Build Korea 2026","World Build Korea 2026",true,true,true,true,true,3996,
en_005,networking,"Jito Korea Community Night
Date: 2026/02/18 (Tue)
Time: 18:30 - 21:00
Venue: Itaewon Sports Bar & Grill","Jito Korea Community Night","Jito Korea Community Night",true,true,true,true,true,3883,
en_006,concert,"Taylor Swift | The Eras Tour 2026
Sat, Jun 20, 2026 7:00 PM
SoFi Stadium, Inglewood, CA
Doors open at 4:30 PM","Taylor Swift | The Eras Tour 2026","Taylor Swift | The Eras Tour 2026",true,true,true,true,true,3236,
en_007,workshop,"Pottery Workshop for Beginners
Every Saturday in February
10:00 AM - 1:00 PM
Clay Studio NYC, 123 Craft Street, Brooklyn
$75 per session","Pottery Workshop for Beginners","Pottery Workshop for Beginners",true,false,false,true,false,10567,
en_008,seminar,"International Conference on Blockchain and Cryptocurrencies (ICBC)
April 13-14, 2026
Seoul, Republic of Korea
Organized by World Academy of Science, Engineering and Technology","International Conference on Blockchain and Cryptocurrencies (ICBC)","International Conference on Blockchain and Cryptocurrencies (ICBC)",true,true,true,true,true,3964,
en_009,fitness,"Morning Yoga in the Park - Free Class
Sunday, March 8, 2026
7:00 AM - 8:00 AM
Central Park Great Lawn, New York, NY
Bring your own mat","Morning Yoga in the Park - Free Class","Morning Yoga in the Park - Free Class",true,true,true,true,true,4045,
en_010,book_club,"Reading Rhythms: Monthly Book Discussion
First Thursday of every month
Next session: March 5, 2026, 6:30 PM
Online via Google Meet","Reading Rhythms: Monthly Book Discussion","Reading Rhythms: Monthly Book Discussion",true,true,true,true,true,3643,
en_011,startup,"YC Demo Day Watch Party - Korea
Mar 24, 2026 â€¢ 8:00 PM - 11:00 PM KST
Maru180, Gangnam
For startup enthusiasts and founders","YC Demo Day Watch Party - Korea","YC Demo Day Watch Party - Korea",true,true,true,true,true,3809,
en_012,gaming,"Super Smash Bros Ultimate Tournament
Registration opens: Feb 1, 2026
Event date: Saturday, February 28, 2026
Check-in: 11:00 AM | Tournament starts: 12:00 PM
Gamers Lounge, 456 Arcade Ave, Los Angeles","Super Smash Bros Ultimate Tournament","",false,false,false,false,false,13799,ì‘ë‹µ ì²˜ë¦¬ì— ì‹¤íŒ¨í–ˆìŠµë‹ˆë‹¤: ì´ë²¤íŠ¸ëŠ” í•˜ë£¨ì¢…ì¼ ë˜ëŠ” ì‹œê°„ íŠ¹ì • ì¤‘ í•˜ë‚˜ì—¬ì•¼ í•©ë‹ˆë‹¤.
en_013,art,"Van Gogh: The Immersive Experience
Now through April 30, 2026
Open daily 10 AM - 9 PM
Last entry at 7:30 PM
Pier 36, New York","Van Gogh: The Immersive Experience","Van Gogh: The Immersive Experience",true,false,true,true,false,4257,
en_014,food,"Wine Tasting Experience: French Bordeaux
Friday, February 14, 2026
7:00 PM - 9:30 PM
Sommelier's Choice Wine Bar
789 Vine Street, San Francisco
Ages 21+","Wine Tasting Experience: French Bordeaux","Wine Tasting Experience: French Bordeaux",true,true,true,true,true,4096,
en_015,charity,"5K Run for Cancer Research
Sunday, April 5, 2026
Race starts at 8:00 AM sharp
Finish by 10:00 AM
Lincoln Memorial, Washington D.C.
Registration fee: $35","5K Run for Cancer Research","5K Run for Cancer Research",true,true,true,true,true,4395,
edge_001,ambiguous_date,"ì—°ë§ ì†¡ë…„íšŒ
12ì›” 28ì¼
ì¥ì†Œ: ê°•ë‚¨ì—­ ê·¼ì²˜ ì‹ë‹¹","ì—°ë§ ì†¡ë…„íšŒ","ì—°ë§ ì†¡ë…„íšŒ",true,false,false,true,false,2340,
edge_002,relative_date,"ë‹¤ìŒ ì£¼ ê¸ˆìš”ì¼ íŒ€ ë¯¸íŒ…
ì˜¤í›„ 3ì‹œ ~ 5ì‹œ
íšŒì˜ì‹¤ A","íŒ€ ë¯¸íŒ…","ë‹¤ìŒ ì£¼ ê¸ˆìš”ì¼ íŒ€ ë¯¸íŒ…",true,false,false,true,false,4438,
edge_003,no_location,"Project Deadline
Due: March 31, 2026
11:59 PM","Project Deadline","Project Deadline",true,true,true,true,true,2929,
edge_004,korean_time_format,"ì‹ ë…„ í•´ë‹ì´
2026ë…„ 1ì›” 1ì¼ ìƒˆë²½ 6ì‹œ ë°˜
ì •ë™ì§„ í•´ë³€","ì‹ ë…„ í•´ë‹ì´","ì‹ ë…„ í•´ë‹ì´",true,true,true,true,true,2279,
edge_005,multi_day_recurring,"ìš”ê°€ í´ë˜ìŠ¤ (ë§¤ì£¼ ì›”/ìˆ˜/ê¸ˆ)
ì•„ì¹¨ 7ì‹œ - 8ì‹œ
í”¼íŠ¸ë‹ˆìŠ¤ì„¼í„° 2ì¸µ
3ì›” í•œ ë‹¬ê°„","ìš”ê°€ í´ë˜ìŠ¤","ìš”ê°€ í´ë˜ìŠ¤",true,false,false,true,false,28615,
edge_006,24h_format,"ì•¼ê°„ ì²œì²´ ê´€ì¸¡
2026.04.15
22:00 - 02:00 (ìµì¼)
ê³¼ì²œ êµ­ë¦½ê³¼í•™ê´€","ì•¼ê°„ ì²œì²´ ê´€ì¸¡","ì•¼ê°„ ì²œì²´ ê´€ì¸¡",true,true,true,true,true,3771,
edge_007,mixed_language,"Google I/O Extended Seoul 2026
ì¼ì‹œ: May 14-15, 2026
Time: 10AM - 6PM KST
ì¥ì†Œ: Google Campus Seoul","Google I/O Extended Seoul 2026","Google I/O Extended Seoul 2026",true,true,true,true,true,3888,
edge_008,abbreviation,"SW ê°œë°œì ì»¨í¼ëŸ°ìŠ¤
2/20(ëª©) 9a-6p
COEX ê·¸ëœë“œë³¼ë£¸","SW ê°œë°œì ì»¨í¼ëŸ°ìŠ¤","SW ê°œë°œì ì»¨í¼ëŸ°ìŠ¤",true,true,true,true,true,3705,
edge_009,no_year,"3/15 í† ìš”ì¼ ë“±ì‚° ëª¨ì„
ì§‘í•©: ë¶í•œì‚° ë¶í•œì‚°ì„±ì…êµ¬ì—­ 1ë²ˆì¶œêµ¬
ì˜¤ì „ 9ì‹œ","ë“±ì‚° ëª¨ì„","ë“±ì‚° ëª¨ì„",true,true,true,true,true,3009,
edge_010,duration_only,"ì˜í™” 'ë“„: íŒŒíŠ¸ 3' ì‹œì‚¬íšŒ
2026ë…„ 3ì›” 1ì¼ ì €ë… 7ì‹œ
ë©”ê°€ë°•ìŠ¤ ì½”ì—‘ìŠ¤ MXê´€
ëŸ¬ë‹íƒ€ì„: 165ë¶„","ì˜í™” 'ë“„: íŒŒíŠ¸ 3' ì‹œì‚¬íšŒ","ì˜í™” 'ë“„: íŒŒíŠ¸ 3' ì‹œì‚¬íšŒ",true,true,true,true,true,3275,
edge_011,flight,"KE123 ì„œìš¸/ì¸ì²œ â†’ ë„ì¿„/ë‚˜ë¦¬íƒ€
ì¶œë°œ: 2026ë…„ 4ì›” 10ì¼ 10:30
ë„ì°©: 2026ë…„ 4ì›” 10ì¼ 12:50 (í˜„ì§€ì‹œê°„)
ì˜ˆì•½ë²ˆí˜¸: ABC123","KE123 ì„œìš¸/ì¸ì²œ â†’ ë„ì¿„/ë‚˜ë¦¬íƒ€","KE123 ì„œìš¸/ì¸ì²œ â†’ ë„ì¿„/ë‚˜ë¦¬íƒ€",true,true,true,false,false,5864,
edge_012,train,"KTX 123
ì„œìš¸ì—­ â†’ ë¶€ì‚°ì—­
2026.02.14 (í† )
ì¶œë°œ 08:00 / ë„ì°© 10:35
ì¢Œì„: 5í˜¸ì°¨ 12A","KTX 123 ì„œìš¸ì—­ â†’ ë¶€ì‚°ì—­","KTX 123 ì„œìš¸ì—­ â†’ ë¶€ì‚°ì—­",true,true,true,true,true,4829,
edge_013,restaurant,"ì˜ˆì•½ í™•ì¸
ë ˆìŠ¤í† ë‘: ì •ì‹ë‹¹
ë‚ ì§œ: 2026ë…„ 2ì›” 14ì¼
ì‹œê°„: ì €ë… 7ì‹œ
ì¸ì›: 2ëª…
ì˜ˆì•½ì: ê¹€OO","ì •ì‹ë‹¹ ì˜ˆì•½","ì •ì‹ë‹¹ ì˜ˆì•½",true,true,true,true,true,4387,
edge_014,all_day,"íšŒì‚¬ ì°½ë¦½ê¸°ë…ì¼
2026ë…„ 5ì›” 15ì¼
ì „ ì§ì› íœ´ë¬´","íšŒì‚¬ ì°½ë¦½ê¸°ë…ì¼","íšŒì‚¬ ì°½ë¦½ê¸°ë…ì¼",true,true,true,true,true,3165,
edge_015,timezone_explicit,"Global All-Hands Meeting
February 25, 2026
9:00 AM PST / 6:00 PM CET / 2:00 AM KST (Feb 26)
Zoom Webinar","Global All-Hands Meeting","Global All-Hands Meeting",true,true,true,true,true,4389,
edge_016,minimal_info,"ì¹˜ê³¼ ì˜ˆì•½ 3/20 2pm","ì¹˜ê³¼ ì˜ˆì•½","ì¹˜ê³¼ ì˜ˆì•½",true,true,true,true,true,2651,
edge_017,html_like,"Event Title: Spring Music Festival

Date & Time
Saturday, April 18, 2026
2:00 PM - 10:00 PM

Location
Olympic Park, Seoul

Ticket Info
General Admission: â‚©55,000","Spring Music Festival","Spring Music Festival",true,true,true,true,true,3754,
edge_018,bullet_list,"â€¢ í–‰ì‚¬ëª…: ê°œë°œì ë„¤íŠ¸ì›Œí‚¹ íŒŒí‹°
â€¢ ì¼ì‹œ: 2026ë…„ 3ì›” 5ì¼ ëª©ìš”ì¼
â€¢ ì‹œê°„: 19:00 ~ 22:00
â€¢ ì¥ì†Œ: íŒêµ ìŠ¤íƒ€íŠ¸ì—…ìº í¼ìŠ¤
â€¢ ì°¸ê°€ë¹„: 20,000ì›","ê°œë°œì ë„¤íŠ¸ì›Œí‚¹ íŒŒí‹°","ê°œë°œì ë„¤íŠ¸ì›Œí‚¹ íŒŒí‹°",true,true,true,true,true,4152,
edge_019,special_chars,"ğŸ‰ ìƒì¼ íŒŒí‹° ğŸ‚
ğŸ“… 2026/02/28
â° 18:00~21:00
ğŸ“ í™ëŒ€ íŒŒí‹°ë£¸ ""í•´í”¼ë²ŒìŠ¤ë°ì´""","ìƒì¼ íŒŒí‹°","ìƒì¼ íŒŒí‹°",true,true,true,true,true,3846,
edge_020,informal,"ë‹¤ìŒì£¼ ìˆ˜ìš”ì¼ì¯¤ ì €ë…ì— ë°¥ í•œë²ˆ ë¨¹ì
ê°•ë‚¨ ì–´ë”” ê´œì°®ì€ ë°ë¡œ","ì €ë… ì‹ì‚¬","ë°¥ ë¨¹ì",false,true,true,true,false,2973,
booking_001,flight_domestic,"ëŒ€í•œí•­ê³µ E-Ticket í™•ì¸ì¦

[ì—¬ì • ì •ë³´]
íƒ‘ìŠ¹ê°: HONG GILDONG
í•­ê³µê¶Œ ë²ˆí˜¸: 180-1234567890
ì˜ˆì•½ë²ˆí˜¸: 12ABCD

í¸ëª…: KE1201
ìš´í•­ì‚¬: ëŒ€í•œí•­ê³µ
ì¶œë°œ: ì„œìš¸/ê¹€í¬ (GMP) 2026ë…„ 3ì›” 20ì¼ 08:00
ë„ì°©: ì œì£¼ (CJU) 2026ë…„ 3ì›” 20ì¼ 09:10
ì¢Œì„: 15A
í´ë˜ìŠ¤: ì¼ë°˜ì„(Y)
ìƒíƒœ: í™•ì•½(OK)","KE1201 ê¹€í¬â†’ì œì£¼","",false,false,false,false,false,10521,ì‘ë‹µ ì²˜ë¦¬ì— ì‹¤íŒ¨í–ˆìŠµë‹ˆë‹¤: ì´ë²¤íŠ¸ëŠ” í•˜ë£¨ì¢…ì¼ ë˜ëŠ” ì‹œê°„ íŠ¹ì • ì¤‘ í•˜ë‚˜ì—¬ì•¼ í•©ë‹ˆë‹¤.
booking_002,flight_international,"e-Ticket Itinerary & Receipt

Passenger Name: PARK CHULSU
Booking Reference: X7YZ89
Ticket Number: 988-1234567890

[Flight Details]
Flight: OZ202
From: SEOUL/INCHEON (ICN)
Date: 15APR2026
Time: 14:40

To: LOS ANGELES (LAX)
Date: 15APR2026
Time: 09:50

Class: Economy (Q)
Status: Confirmed","OZ202 ì¸ì²œâ†’LA","Flight OZ202 from Seoul to Los Angeles",false,true,true,false,false,4427,
booking_003,ktx,"[ìŠ¹ì°¨ê¶Œ]
ì´ ìŠ¹ì°¨ê¶Œì€ ìº¡ì³í™”ë©´ ë“± ì •ë‹¹í•˜ì§€ ì•Šì€ ìŠ¹ì°¨ê¶Œìœ¼ë¡œ ì‚¬ìš©í•  ìˆ˜ ì—†ìŠµë‹ˆë‹¤.

2026ë…„ 2ì›” 28ì¼ (í† )
ì„œìš¸ 06:00 ì¶œë°œ
ë¶€ì‚° 08:26 ë„ì°©

KTX 101ì—´ì°¨
ì¼ë°˜ì‹¤ 5í˜¸ì°¨ 12A (ìˆœë°©í–¥)

ìŠ¹ê°: ì–´ë¥¸ 1ëª…
ìš´ì„: 59,800ì›
ë°œê¶Œì¼: 2026.02.04","KTX 101 ì„œìš¸â†’ë¶€ì‚°","KTX ìŠ¹ì°¨ê¶Œ",false,true,true,true,false,4493,
booking_004,srt,"SRT ìŠ¹ì°¨ê¶Œ

2026.03.14(í† )
ìˆ˜ì„œ 08:00 ì¶œë°œ
ë¶€ì‚° 10:28 ë„ì°©
SRT 305ì—´ì°¨

8í˜¸ì°¨ 5D (ì¼ë°˜ì‹¤)

ìŠ¹ì°¨ê¶Œë²ˆí˜¸: 82001-0214-101123
ê²°ì œê¸ˆì•¡: 52,600ì›
ìŠ¹ê°ì—°ë ¹: ì–´ë¥¸","SRT 305 ìˆ˜ì„œâ†’ë¶€ì‚°","SRT ìŠ¹ì°¨ê¶Œ",false,true,true,true,false,6318,
booking_005,movie,"CGV ì˜ˆë§¤ì™„ë£Œ

[ëª¨ë°”ì¼í‹°ì¼“]
ë²”ì£„ë„ì‹œ 4

2026.02.15(í† )
19:30 ~ 21:45
CGV ìš©ì‚°ì•„ì´íŒŒí¬ëª° 4ê´€(Laser)
Gì—´ 8ë²ˆ, 9ë²ˆ

ì¼ë°˜ 2ëª…
ì˜ˆë§¤ë²ˆí˜¸: 0025-0215-1234-567
ì…ì¥ ê°€ëŠ¥ ì‹œê°„: 19:20 ë¶€í„°","CGV ë²”ì£„ë„ì‹œ 4","ë²”ì£„ë„ì‹œ 4",true,true,true,true,true,5394,
booking_006,movie,"[ë¡¯ë°ì‹œë„¤ë§ˆ] ì˜ˆë§¤ì™„ë£Œ ì•ˆë‚´

ì˜ˆë§¤ê°€ ì™„ë£Œë˜ì—ˆìŠµë‹ˆë‹¤.

â–  ì˜ˆë§¤ì •ë³´
- ì˜í™”ëª… : ë¯¸í‚¤ 17
- ìƒì˜ê´€ : ì›”ë“œíƒ€ì›Œ(ì†¡íŒŒ) 21ê´€(ìˆ˜í¼í”Œë ‰ìŠ¤)
- ì¼ì‹œ : 2026-03-01(ì¼) 14:00 ~ 16:30
- ì¸ì› : ì„±ì¸ 2ëª…
- ì¢Œì„ : J11, J12
- ì˜ˆë§¤ë²ˆí˜¸ : 1234567","ë¡¯ë°ì‹œë„¤ë§ˆ ë¯¸í‚¤ 17","ë¯¸í‚¤ 17 at Lotte Cinema",false,true,true,true,false,6404,
booking_007,movie,"[ë©”ê°€ë°•ìŠ¤] ì˜ˆë§¤ ì™„ë£Œ ì•ˆë‚´

* ì˜í™” : ë“„: íŒŒíŠ¸ 3
* ì¼ì‹œ : 26.03.14(í† ) 19:00
* ì§€ì  : ì½”ì—‘ìŠ¤
* ìƒì˜ê´€ : ëŒë¹„ ì‹œë„¤ë§ˆ
* ì¸ì› : 2ëª…
* ì¢Œì„ : L13, L14
* ì˜ˆë§¤ë²ˆí˜¸ : 1234-567-890

ì¦ê±°ìš´ ê´€ëŒ ë˜ì‹œê¸° ë°”ëë‹ˆë‹¤.","ë©”ê°€ë°•ìŠ¤ ë“„: íŒŒíŠ¸ 3","ë“„: íŒŒíŠ¸ 3 ì˜ˆë§¤ ì™„ë£Œ",false,true,true,true,false,4378,
booking_008,hotel,"ì˜ˆì•½ì´ í™•ì •ë˜ì—ˆìŠµë‹ˆë‹¤.

ìˆ™ì†Œ: ì‹œê·¸ë‹ˆì—˜ ì„œìš¸ (Signiel Seoul)
ì£¼ì†Œ: 300 Olympic-ro, Songpa-gu, Seoul

ì²´í¬ì¸: 2026ë…„ 4ì›” 10ì¼ (ê¸ˆ) ì˜¤í›„ 3:00 ì´í›„
ì²´í¬ì•„ì›ƒ: 2026ë…„ 4ì›” 12ì¼ (ì¼) ì˜¤ì „ 11:00 ì´ì „

ê°ì‹¤ 1: ê·¸ëœë“œ ë””ëŸ­ìŠ¤ ë”ë¸”ë£¸
ì˜ˆì•½ ë²ˆí˜¸: 1234567890123","ì‹œê·¸ë‹ˆì—˜ ì„œìš¸ ìˆ™ë°•","ìˆ™ì†Œ ì˜ˆì•½ - ì‹œê·¸ë‹ˆì—˜ ì„œìš¸",false,true,true,true,false,7794,
booking_009,performance,"ì¸í„°íŒŒí¬ ëª¨ë°”ì¼í‹°ì¼“

ë®¤ì§€ì»¬ <ì˜¤í˜ë¼ì˜ ìœ ë ¹>
2026.05.23(í† ) 14:00
ìƒ¤ë¡¯ë°ì”¨ì–´í„°

ì˜ˆë§¤ë²ˆí˜¸ T1234567890
ì¢Œì„ì •ë³´
1ì¸µ Bêµ¬ì—­ 12ì—´ 15ë²ˆ

ê´€ëŒë“±ê¸‰: 8ì„¸ ì´ìƒ ê´€ëŒê°€
ëŸ¬ë‹íƒ€ì„: 150ë¶„(ì¸í„°ë¯¸ì…˜ 20ë¶„ í¬í•¨)","ë®¤ì§€ì»¬ <ì˜¤í˜ë¼ì˜ ìœ ë ¹>","ë®¤ì§€ì»¬ <ì˜¤í˜ë¼ì˜ ìœ ë ¹>",true,true,true,true,true,6244,
booking_010,restaurant,"[ìºì¹˜í…Œì´ë¸”] ì˜ˆì•½ ì•ˆë‚´

í™ê¸¸ë™ë‹˜, ì˜ˆì•½ì´ í™•ì •ë˜ì—ˆìŠµë‹ˆë‹¤.

ë§¤ì¥ëª… : ìŠ¤ì‹œ ì½”ìš°ì§€
ì¼ì‹œ : 3ì›” 20ì¼ (ê¸ˆ) ì˜¤í›„ 7:00
ì¸ì› : 2ëª…
ì¢Œì„ : ì¹´ìš´í„°

* ì˜ˆì•½ê¸ˆ í™˜ë¶ˆ ê·œì • ì•ˆë‚´
ë°©ë¬¸ 2ì¼ì „ ì·¨ì†Œ: 100% í™˜ë¶ˆ","ìŠ¤ì‹œ ì½”ìš°ì§€ ì˜ˆì•½","ìŠ¤ì‹œ ì½”ìš°ì§€ ì˜ˆì•½",true,true,true,true,true,4481,
booking_011,bus,"ëª¨ë°”ì¼ìŠ¹ì°¨ê¶Œ

2026. 2. 20 (ê¸ˆ) 14:00 ì¶œë°œ
ì„œìš¸ê²½ë¶€ -> ëŒ€ì „ë³µí•©
í”„ë¦¬ë¯¸ì—„ | íšŒì‚¬: ê¸ˆí˜¸ê³ ì†

11ë²ˆ ì¢Œì„
ì†Œìš”ì‹œê°„: ì•½ 2ì‹œê°„

ìŠ¹ì°¨ê¶Œ QRì½”ë“œ","ê³ ì†ë²„ìŠ¤ ì„œìš¸ê²½ë¶€â†’ëŒ€ì „ë³µí•©","ëª¨ë°”ì¼ìŠ¹ì°¨ê¶Œ ì„œìš¸ê²½ë¶€ -> ëŒ€ì „ë³µí•©",false,true,true,false,false,5147,
booking_012,hospital,"[ì„¸ë¸Œë€ìŠ¤ë³‘ì›] ì§„ë£Œ ì˜ˆì•½ ì•ˆë‚´
í™ê¸¸ë™ë‹˜ ì˜ˆì•½ì‚¬í•­ì…ë‹ˆë‹¤.

- ì˜ˆì•½ì¼ì‹œ: 2026/02/17(í™”) 14:30
- ì§„ë£Œê³¼: ì†Œí™”ê¸°ë‚´ê³¼ (ë³¸ê´€ 3ì¸µ)
- ì˜ë£Œì§„: ê¹€ëª…ì˜ êµìˆ˜

* ì§„ë£Œ 20ë¶„ ì „ ì›ë¬´ê³¼ ë°©ë¬¸ ë°”ëë‹ˆë‹¤.","ì„¸ë¸Œë€ìŠ¤ë³‘ì› ì†Œí™”ê¸°ë‚´ê³¼ ì§„ë£Œ","ì§„ë£Œ ì˜ˆì•½ - ì†Œí™”ê¸°ë‚´ê³¼",false,true,true,true,false,5104,
booking_013,hair,"[ë„¤ì´ë²„ ì˜ˆì•½] í™•ì • ì•ˆë‚´

ì¥ì†Œ: ì¤€ì˜¤í—¤ì–´ ê°•ë‚¨í™”ì´íŠ¸ì 
ì¼ì •: 2026.02.14(í† ) ì˜¤í›„ 2:00
ì‹œìˆ : [ìˆ˜ì„] ë ˆì´ì–´ë“œíŒ + ë¿Œë¦¬ë³¼ë¥¨
ë””ìì´ë„ˆ: ì°¨í™ ìˆ˜ì„ë””ìì´ë„ˆ

ë°©ë¬¸ ì „ ì˜ˆì•½ í™•ì¸ ë¶€íƒë“œë¦½ë‹ˆë‹¤.","ì¤€ì˜¤í—¤ì–´ ê°•ë‚¨í™”ì´íŠ¸ì  ì˜ˆì•½","ë„¤ì´ë²„ ì˜ˆì•½ ì¤€ì˜¤í—¤ì–´ ê°•ë‚¨í™”ì´íŠ¸ì  ë ˆì´ì–´ë“œíŒ",false,true,true,true,false,5161,
booking_014,golf,"[ê³¨í”„ì¡´ì¹´ìš´í‹°] ì˜ˆì•½ì™„ë£Œ ì•ˆë‚´

ê³¨í”„ì¥: ê³¨í”„ì¡´ì¹´ìš´í‹° ì•ˆì„±H
ì¼ì: 2026-04-12(ì¼)
ì½”ìŠ¤: í/ë ˆì´í¬
ì‹œê°„: 07:12
ë‚´ì¥ê°: í™ê¸¸ë™ ì™¸ 3ëª…
ê·¸ë¦°í”¼: 240,000ì› (ì¸í„°ë„·íšŒì›ê°€)","ê³¨í”„ì¡´ì¹´ìš´í‹° ì•ˆì„±H ë¼ìš´ë”©","ê³¨í”„ì¡´ì¹´ìš´í‹° ì•ˆì„±H í/ë ˆì´í¬ ì˜ˆì•½",false,true,true,true,false,4396,
booking_015,rental,"ì˜ì¹´ ì°¨ëŸ‰ ì˜ˆì•½ ë‚´ì—­

ì°¨ëŸ‰: ë” ë‰´ ì•„ë°˜ë–¼ CN7
ëŒ€ì—¬: 2026. 3. 21. (í† ) 10:00
ë°˜ë‚©: 2026. 3. 21. (í† ) 18:00

ëŒ€ì—¬ìœ„ì¹˜: ê°•ë‚¨ì—­ 10ë²ˆì¶œêµ¬ ì¸ê·¼ ì˜ì¹´ì¡´
ë°˜ë‚©ìœ„ì¹˜: ëŒ€ì—¬ìœ„ì¹˜ì™€ ë™ì¼
ì˜ˆì•½ë²ˆí˜¸: 12345678","ì˜ì¹´ ëŒ€ì—¬ (ë” ë‰´ ì•„ë°˜ë–¼ CN7)","ì˜ì¹´ ì°¨ëŸ‰ ì˜ˆì•½",false,true,true,true,false,4716,
global_001,crypto_conference,"[Consensus Hong Kong 2026](https://lu.ma/CHK2026?k=c)
February 18-20, 2026
Hong Kong Convention and Exhibition Centre
257 Events
659 Subscribers
Hong Kong","Consensus Hong Kong 2026","Consensus Hong Kong 2026",true,true,true,true,true,3722,
global_002,hackathon,"[ETHDenver 2026 Official Side Event Calendar](https://lu.ma/ethdenver?k=c)
149 Events
2K Subscribers
Denver, United States
February 23 - March 2, 2026","ETHDenver 2026","ETHDenver 2026 Official Side Event Calendar",true,true,true,true,true,4469,
global_003,crypto_conference,"[TOKEN2049 Dubai](https://lu.ma/token2049-dubai?k=c)
Launching Soon
Dubai, United Arab Emirates
(Expected: April 2026)","TOKEN2049 Dubai","TOKEN2049 Dubai",true,true,false,true,false,2487,
global_004,conference,"KOREA BLOCKCHAIN WEEK 2026
September 22-28, 2026

KBW2026: IMPACT provides unparalleled visibility for brands and organizations, providing an opportunity to gain attention and interact with our diverse audiences.","KOREA BLOCKCHAIN WEEK 2026","KOREA BLOCKCHAIN WEEK 2026",true,true,true,false,false,4991,
global_005,developer_event,"try! Swift Tokyo 2026
March 21-22, 2026
Bellesalle Shibuya First
Tokyo, Japan
https://tryswift.co/events/2026/tokyo/","try! Swift Tokyo 2026","try! Swift Tokyo 2026",true,true,true,true,true,4610,
global_006,hackathon,"Vibe Coding with Memory Hackathon
Feb 15-16, 2026
Google Japan Office, Shibuya Stream
Tokyo
Organized by Google Developer Group Tokyo","Vibe Coding with Memory Hackathon","Vibe Coding with Memory Hackathon",true,true,true,true,true,4129,
global_007,ai_meetup,"Llama Lounge: The AI Startup Series
San Francisco Â· Founded April 2023. AI startups are featured on the demo floor, lightning talks, pitches, and networking. Hosted at top bay area organizations. Led by Jeremiah Owyang.
Next event: Thursday, Feb 27, 2026","Llama Lounge: The AI Startup Series","Llama Lounge: The AI Startup Series",true,true,true,true,true,3886,
global_008,crypto_meetup,"Midnight Tokyo Meetup, sponsored by Input Output Group
Wednesday, Feb 12
19:30 - 22:30
Roppongi, Tokyo
Join us for drinks and networking!","Midnight Tokyo Meetup","Midnight Tokyo Meetup, sponsored by Input Output Group",true,true,true,true,true,4114,
global_009,workshop,"Build with TRAE @ Tokyo // AIãƒã‚¤ãƒ†ã‚£ãƒ–é–‹ç™ºã®ãƒ¯ãƒ¼ã‚¯ã‚·ãƒ§ãƒƒãƒ—
2026/02/08 (Sun) 14:00 - 18:00 JST
Microsoft Japan Co., Ltd.
Shinagawa Grand Central Tower
Tokyo","Build with TRAE @ Tokyo // AIãƒã‚¤ãƒ†ã‚£ãƒ–é–‹ç™ºã®ãƒ¯ãƒ¼ã‚¯ã‚·ãƒ§ãƒƒãƒ—","Build with TRAE @ Tokyo // AIãƒã‚¤ãƒ†ã‚£ãƒ–é–‹ç™ºã®ãƒ¯ãƒ¼ã‚¯ã‚·ãƒ§ãƒƒãƒ—",true,true,true,false,false,4359,
global_010,art,"Shibuya AI Film Gallery - DIG SHIBUYA 2026
Feb 7 - Feb 14, 2026
Shibuya Parco
Experience the future of cinema created with AI.","Shibuya AI Film Gallery - DIG SHIBUYA 2026","Shibuya AI Film Gallery - DIG SHIBUYA 2026",true,true,true,true,true,4341,
global_011,event_list,"Free Online events today

- [Business](https://www.eventbrite.com/d/online/business--events/)
- [Science & Tech](https://www.eventbrite.com/d/online/science-and-tech--events/)

Search for something you love or check out popular events in your area.
[Webinar: Introduction to AI] Fri, Feb 13, 2026 2:00 PM EST","Webinar: Introduction to AI","Webinar: Introduction to AI",true,true,true,false,false,3201,
global_012,crypto_conference,"[Bitcoin 2026](https://lu.ma/bitcoin-2026?k=c)
Launching Soon
Las Vegas, United States
July 2026","Bitcoin 2026","Bitcoin 2026",true,true,false,true,false,2502,
global_013,developer_event,"[Devcon](https://lu.ma/devcon?k=c)
Launching Soon
Mumbai, India
Nov 10-14, 2026","Devcon","Devcon",true,true,true,true,true,3289,
global_014,networking,"ã€ç¬¬3å›ã€‘VCÃ—èµ·æ¥­å®¶ã€€å‡ºé€¢ã„ãŒç”Ÿã¾ã‚Œã‚‹å¤§äº¤æµä¼š ã€œVCãƒªãƒãƒ¼ã‚¹ãƒ”ãƒƒãƒé–‹å‚¬ã€œã€€STEP in Startups
2026/02/20 (Fri) 18:30 - 21:00
AWS Loft Tokyo
Meguro, Tokyo","VCÃ—èµ·æ¥­å®¶ å‡ºé€¢ã„ãŒç”Ÿã¾ã‚Œã‚‹å¤§äº¤æµä¼š STEP in Startups","ã€ç¬¬3å›ã€‘VCÃ—èµ·æ¥­å®¶ å‡ºé€¢ã„ãŒç”Ÿã¾ã‚Œã‚‹å¤§äº¤æµä¼š ã€œVCãƒªãƒãƒ¼ã‚¹ãƒ”ãƒƒãƒé–‹å‚¬ã€œ STEP in Startups",false,true,true,true,false,4621,
global_015,culture,"ã€èŒ¶å®¤ã§æ•´ã†ã€ã¯ã˜ã‚ã¦ã®èŒ¶é“ä½“é¨“ğŸµï¼‹ã‚¸ãƒ£ãƒ¼ãƒŠãƒªãƒ³ã‚°ã€‘ Mindful Tea Ceremony Experience ğŸµï¼‹Journaling (ENG / JPN)
2026/02/22 (Sun) 10:00 - 12:00
Asakusa, Tokyo","Mindful Tea Ceremony Experience + Journaling","",false,false,false,false,false,6830,ì‘ë‹µ ì²˜ë¦¬ì— ì‹¤íŒ¨í–ˆìŠµë‹ˆë‹¤: ì´ë²¤íŠ¸ëŠ” í•˜ë£¨ì¢…ì¼ ë˜ëŠ” ì‹œê°„ íŠ¹ì • ì¤‘ í•˜ë‚˜ì—¬ì•¼ í•©ë‹ˆë‹¤.
global_016,gaming,"AI x Games: Revolutionizing Game Development and Game Experience
Feb 18, 2026
19:00 - 21:00
Unity Technologies Japan","AI x Games: Revolutionizing Game Development","AI x Games: Revolutionizing Game Development and Game Experience",true,true,true,true,true,3775,
global_017,music,"Too Hot to Be Cool: Open Mic Special | Rock for Climate
Mar 6, 2026
19:30 - 23:00
Ruby Room Shibuya
Tokyo","Too Hot to Be Cool: Open Mic Special","Too Hot to Be Cool: Open Mic Special | Rock for Climate",true,true,true,true,true,3995,
global_018,crypto_event,"[European Blockchain Convention](https://lu.ma/european-blockchain-convention?k=c)
Launching Soon
Barcelona, Spain
September 2026","European Blockchain Convention","European Blockchain Convention",true,true,false,true,false,2574,
global_019,startup,"[Subscribe] The AI Collective
The worldâ€™s largest AI community: 150,000+ pioneers.
Next Meetup: London, March 12, 2026","The AI Collective Meetup","Subscribe - The AI Collective",false,true,true,true,false,2301,
global_020,community,"[Subscribe] Air Street events
AI events around the world organized by Air Street Capital.
State of AI Report Launch Party
Oct 14, 2026
London, UK","State of AI Report Launch Party","State of AI Report Launch Party",true,true,true,true,true,2424,
misc_001,developer_event,"GDG Seoul I/O Extended 2026
May 14-15, 2026
Google for Startups Campus Seoul
10:00 AM - 6:00 PM KST
Watch Google I/O together with local developers","GDG Seoul I/O Extended 2026","GDG Seoul I/O Extended 2026",true,true,true,true,true,6861,
misc_002,developer_event,"DevFest Seoul 2026
November 21, 2026 (Saturday)
09:30 - 18:00
NURi Dream Square, Sangam
#DevFest #GDG","DevFest Seoul 2026","DevFest Seoul 2026",true,true,true,true,true,5146,
misc_003,seminar,"ì„œìš¸ëŒ€í•™êµ AI ì—°êµ¬ì› ì„¸ë¯¸ë‚˜
ë°œí‘œì: Prof. Yoshua Bengio
ì œëª©: The Future of Deep Learning
ì¼ì‹œ: 2026ë…„ 3ì›” 25ì¼ (ìˆ˜) ì˜¤í›„ 4ì‹œ
ì¥ì†Œ: ì„œìš¸ëŒ€ 302ë™ 105í˜¸","ì„œìš¸ëŒ€ AI ì—°êµ¬ì› ì„¸ë¯¸ë‚˜ - The Future of Deep Learning","ì„œìš¸ëŒ€í•™êµ AI ì—°êµ¬ì› ì„¸ë¯¸ë‚˜",false,true,true,true,false,4980,
misc_004,exhibition,"êµ­ë¦½ì¤‘ì•™ë°•ë¬¼ê´€ íŠ¹ë³„ì „ì‹œ
<ì´ì§‘íŠ¸ ë³´ë¬¼: íŒŒë¼ì˜¤ì™€ ë¯¸ë¼>
ì „ì‹œê¸°ê°„: 2026. 4. 1. ~ 8. 31.
ê´€ëŒì‹œê°„: 10:00 ~ 18:00 (ìˆ˜, í†  21:00ê¹Œì§€)
ì¥ì†Œ: êµ­ë¦½ì¤‘ì•™ë°•ë¬¼ê´€ íŠ¹ë³„ì „ì‹œì‹¤","ì´ì§‘íŠ¸ ë³´ë¬¼: íŒŒë¼ì˜¤ì™€ ë¯¸ë¼ íŠ¹ë³„ì „ì‹œ","êµ­ë¦½ì¤‘ì•™ë°•ë¬¼ê´€ íŠ¹ë³„ì „ì‹œ <ì´ì§‘íŠ¸ ë³´ë¬¼: íŒŒë¼ì˜¤ì™€ ë¯¸ë¼>",false,true,true,true,false,6748,
misc_005,sports,"2026 Asian Games Nagoya-Aichi
ì•„ì‹œì•ˆê²Œì„ ì¶•êµ¬ í•œêµ­ vs ì¼ë³¸
2026ë…„ 9ì›” 28ì¼ (ì›”) 19:30 KST
Nagoya Paloma Mizuho Stadium
ì¤€ê²°ìŠ¹ì „","ì•„ì‹œì•ˆê²Œì„ ì¶•êµ¬ í•œêµ­ vs ì¼ë³¸ ì¤€ê²°ìŠ¹","2026 Asian Games Nagoya-Aichi",false,true,true,true,false,5739,
misc_006,workshop,"Figma Korea Workshop
ë””ìì¸ ì‹œìŠ¤í…œ êµ¬ì¶•í•˜ê¸°
2026ë…„ 2ì›” 28ì¼ í† ìš”ì¼
10:00 AM - 5:00 PM
WeWork ì‚¼ì„±ì—­ì  Large Conference Room
ì°¸ê°€ë¹„: â‚©50,000","Figma Korea Workshop - ë””ìì¸ ì‹œìŠ¤í…œ êµ¬ì¶•í•˜ê¸°","Figma Korea Workshop ë””ìì¸ ì‹œìŠ¤í…œ êµ¬ì¶•í•˜ê¸°",false,true,true,true,false,4441,
misc_007,networking,"Startup Grind Seoul: Fireside Chat with Sam Altman
Date: Thursday, April 9, 2026
Time: 7:00 PM - 9:30 PM
Venue: D.Camp Front1
ì—­ì‚¼ë™ ê°•ë‚¨íŒŒì´ë‚¸ìŠ¤ì„¼í„° 1ì¸µ","Startup Grind Seoul: Fireside Chat with Sam Altman","Startup Grind Seoul: Fireside Chat with Sam Altman",true,true,true,false,false,4533,
misc_008,art,"teamLab Borderless Seoul
ì˜ˆì•½ í™•ì¸
ë°©ë¬¸ì¼: 2026ë…„ 3ì›” 7ì¼ í† ìš”ì¼
ì…ì¥ì‹œê°„: 14:00 (14:30ê¹Œì§€ ì…ì¥ í•„ìš”)
ì¥ì†Œ: ì ì‹¤ ë¡¯ë°ì›”ë“œíƒ€ì›Œ 6ì¸µ","teamLab Borderless Seoul ë°©ë¬¸","teamLab Borderless Seoul",true,true,true,true,true,5524,
misc_009,webinar,"AWS re:Invent 2026 re:Cap Korea
ì˜¨ë¼ì¸ ì›¨ë¹„ë‚˜
2026ë…„ 12ì›” 15ì¼ í™”ìš”ì¼
10:00 - 17:00 KST
Zoom Webinar
ì‚¬ì „ë“±ë¡ í•„ìˆ˜","AWS re:Invent 2026 re:Cap Korea","AWS re:Invent 2026 re:Cap Korea",true,true,true,true,true,4165,
misc_010,community,"íŒŒì´ì¬ í•œêµ­ ì‚¬ìš©ì ëª¨ì„ (PyCon Korea Meetup)
ì£¼ì œ: FastAPIë¡œ AI ì„œë¹„ìŠ¤ ë°°í¬í•˜ê¸°
ì¼ì‹œ: ë§¤ì›” ë§ˆì§€ë§‰ ëª©ìš”ì¼ ì €ë… 7ì‹œ
ë‹¤ìŒ ëª¨ì„: 2026ë…„ 2ì›” 26ì¼
ì¥ì†Œ: í† ìŠ¤ ë³¸ì‚¬ 7ì¸µ ì´ë²¤íŠ¸í™€","PyCon Korea Meetup - FastAPIë¡œ AI ì„œë¹„ìŠ¤ ë°°í¬í•˜ê¸°","íŒŒì´ì¬ í•œêµ­ ì‚¬ìš©ì ëª¨ì„ (PyCon Korea Meetup)",false,true,true,true,false,5082,